<?xml version="1.0" encoding="UTF-8"?>
<con:soapui-project id="0d520c4a-666d-4410-b7f4-c394fd8882e9" activeEnvironment="Default" name="REST Project 3" resourceRoot="${projectDir}" soapui-version="5.6.0" abortOnError="false" runType="SEQUENTIAL" xmlns:con="http://eviware.com/soapui/config"><con:settings/><con:interface xsi:type="con:RestService" id="6315e2ca-80b8-4f3b-8742-d6c2a18d48ae" wadlVersion="http://wadl.dev.java.net/2009/02" name="https://restcountries.eu" type="rest" xmlns:xsi="http://www.w3.org/2001/XMLSchema-instance"><con:settings/><con:definitionCache/><con:endpoints><con:endpoint>https://restcountries.eu</con:endpoint></con:endpoints><con:resource name="Colombo" path="/rest/v2/capital/colombo" id="e52f4fe3-8b9a-4f15-bef7-dab5e6f023ce"><con:settings/><con:parameters/><con:method name="Colombo 1" id="5baeee88-9d22-4668-af67-f519494d4948" method="GET"><con:settings/><con:parameters/><con:request name="Request 1" id="2adaa217-6371-438d-824f-3f6cf7ff9719" mediaType="application/json"><con:settings/><con:endpoint>https://restcountries.eu</con:endpoint><con:request/><con:credentials><con:authType>No Authorization</con:authType></con:credentials><con:jmsConfig JMSDeliveryMode="PERSISTENT"/><con:jmsPropertyConfig/><con:parameters/></con:request></con:method></con:resource></con:interface><con:testSuite id="2cad0f28-6274-41e7-b5b4-ab33ffbe4707" name="TestSuite 1"><con:settings/><con:runType>SEQUENTIAL</con:runType><con:testCase id="644a1a3c-67aa-4303-96a8-430454cb6b4c" failOnError="true" failTestCaseOnErrors="true" keepSession="false" maxResults="0" name="TestCase 1" searchProperties="true"><con:settings/><con:properties/></con:testCase><con:properties/></con:testSuite><con:properties/><con:wssContainer/><con:oAuth2ProfileContainer/><con:oAuth1ProfileContainer/></con:soapui-project>